Company Name,Industry,State,Year,R&D Spend,Administration,Marketing Spend,Profit
Company_1,Automotive,California,2015,53559,47570,438857,103134.5
Company_1,Automotive,California,2016,51433,45681,421437,90053.95000000001
Company_1,Automotive,California,2017,49391,43868,404708,83337.7
Company_1,Automotive,California,2018,47430,42127,388644,91402.45000000001
Company_1,Automotive,California,2019,45548,40454,373217,79239.4
Company_1,Automotive,California,2020,43740,38849,358403,85455.65
Company_1,Automotive,California,2021,42004,37307,344176,79534.45
Company_1,Automotive,California,2022,40336,35826,330515,65130.600000000006
Company_1,Automotive,California,2023,38735,34404,317395,77126.6
Company_1,Automotive,California,2024,37198,33038,304797,62902.0
Company_1,Automotive,California,2025,35721,31727,292698,57803.55
Company_2,Finance,Texas,2015,89043,44333,85954,80360.45
Company_2,Finance,Texas,2016,88477,44051,85408,69865.34999999999
Company_2,Finance,Texas,2017,87915,43771,84865,79741.65
Company_2,Finance,Texas,2018,87357,43493,84327,87170.54999999999
Company_2,Finance,Texas,2019,86802,43217,83791,74282.05
Company_2,Finance,Texas,2020,86251,42943,83259,73044.04999999999
Company_2,Finance,Texas,2021,85704,42670,82730,88025.29999999999
Company_2,Finance,Texas,2022,85159,42399,82205,70215.65
Company_2,Finance,Texas,2023,84619,42130,81683,72007.09999999999
Company_2,Finance,Texas,2024,84081,41862,81164,78294.4
Company_2,Finance,Texas,2025,83547,41597,80649,65203.34999999999
Company_3,Finance,California,2015,49531,91505,92694,65266.85
Company_3,Finance,California,2016,48582,89752,90918,58118.0
Company_3,Finance,California,2017,47652,88033,89177,64240.05
Company_3,Finance,California,2018,46739,86347,87469,57798.25
Company_3,Finance,California,2019,45844,84694,85794,67034.3
Company_3,Finance,California,2020,44966,83072,84151,59736.1
Company_3,Finance,California,2021,44105,81481,82540,48832.649999999994
Company_3,Finance,California,2022,43260,79920,80959,55314.9
Company_3,Finance,California,2023,42432,78390,79409,50233.799999999996
Company_3,Finance,California,2024,41619,76889,77888,63216.450000000004
Company_3,Finance,California,2025,40822,75416,76396,55554.399999999994
Company_4,Tech,California,2015,117759,134072,205666,127714.7
Company_4,Tech,California,2016,116631,132787,203696,127970.35
Company_4,Tech,California,2017,115513,131515,201745,128842.84999999999
Company_4,Tech,California,2018,114407,130256,199812,121826.49999999999
Company_4,Tech,California,2019,113311,129008,197898,116202.7
Company_4,Tech,California,2020,112226,127772,196003,120353.3
Company_4,Tech,California,2021,111151,126549,194125,119154.54999999999
Company_4,Tech,California,2022,110086,125337,192266,113387.35
Company_4,Tech,California,2023,109032,124136,190424,128626.19999999998
Company_4,Tech,California,2024,107988,122947,188601,109791.75
Company_4,Tech,California,2025,106953,121769,186794,104289.84999999998
Company_5,Retail,New York,2015,137357,68102,342953,145998.5
Company_5,Retail,New York,2016,153275,75994,382697,157802.30000000002
Company_5,Retail,New York,2017,171038,84801,427048,180077.55
Company_5,Retail,New York,2018,190860,94629,476539,198041.25
Company_5,Retail,New York,2019,212979,105595,531766,211055.15
Company_5,Retail,New York,2020,237661,117833,593392,246256.85
Company_5,Retail,New York,2021,265203,131488,662161,266298.4
Company_5,Retail,New York,2022,295938,146727,738899,314334.55
Company_5,Retail,New York,2023,330235,163731,824530,349644.14999999997
Company_5,Retail,New York,2024,368506,182706,920086,389004.69999999995
Company_5,Retail,New York,2025,411212,203880,1026715,415625.89999999997
Company_6,Automotive,Florida,2015,137162,60203,333075,153336.34999999998
Company_6,Automotive,Florida,2016,145512,63868,353352,155424.8
Company_6,Automotive,Florida,2017,154371,67756,374864,168201.5
Company_6,Automotive,Florida,2018,163769,71881,397686,174677.05
Company_6,Automotive,Florida,2019,173739,76257,421898,189755.64999999997
Company_6,Automotive,Florida,2020,184317,80900,447583,191602.2
Company_6,Automotive,Florida,2021,195538,85825,474832,192053.55000000002
Company_6,Automotive,Florida,2022,207442,91050,503740,209183.9
Company_6,Automotive,Florida,2023,220072,96593,534408,230574.15000000002
Company_6,Automotive,Florida,2024,233470,102474,566943,242255.40000000002
Company_6,Automotive,Florida,2025,247683,108713,601458,246060.84999999998
Company_7,Tech,California,2015,149235,39790,383108,145041.8
Company_7,Tech,California,2016,142076,37881,364730,148324.34999999998
Company_7,Tech,California,2017,135260,36064,347233,138427.90000000002
Company_7,Tech,California,2018,128772,34334,330576,132323.1
Company_7,Tech,California,2019,122594,32687,314718,129718.65
Company_7,Tech,California,2020,116713,31118,299621,116558.9
Company_7,Tech,California,2021,111114,29626,285248,103638.49999999999
Company_7,Tech,California,2022,105784,28204,271564,112063.79999999999
Company_7,Tech,California,2023,100710,26851,258537,92467.34999999999
Company_7,Tech,California,2024,95878,25563,246135,94966.54999999999
Company_7,Tech,California,2025,91279,24337,234328,84441.65
Company_8,Finance,Texas,2015,118438,161940,421902,159352.8
Company_8,Finance,Texas,2016,131010,179130,466687,161549.2
Company_8,Finance,Texas,2017,144917,198145,516227,179987.35
Company_8,Finance,Texas,2018,160300,219178,571025,199519.2
Company_8,Finance,Texas,2019,177316,242444,631640,221358.8
Company_8,Finance,Texas,2020,196139,268180,698690,250837.3
Company_8,Finance,Texas,2021,216959,296648,772857,281070.2
Company_8,Finance,Texas,2022,239990,328138,854897,314321.4
Company_8,Finance,Texas,2023,265465,362970,945646,337274.6
Company_8,Finance,Texas,2024,293645,401500,1046027,374016.2
Company_8,Finance,Texas,2025,324815,444120,1157065,406346.0
Company_9,Finance,California,2015,57395,172093,181913,93134.75
Company_9,Finance,California,2016,63698,190992,201890,103980.4
Company_9,Finance,California,2017,70693,211967,224062,110946.34999999999
Company_9,Finance,California,2018,78457,235245,248669,107740.54999999999
Company_9,Finance,California,2019,87073,261080,275978,125069.90000000001
Company_9,Finance,California,2020,96635,289752,306286,147388.9
Company_9,Finance,California,2021,107248,321573,339922,167196.75
Company_9,Finance,California,2022,119026,356888,377253,169714.7
Company_9,Finance,California,2023,132097,396081,418683,201898.34999999998
Company_9,Finance,California,2024,146604,439579,464663,227496.94999999995
Company_9,Finance,California,2025,162705,487854,515692,242947.8
Company_10,Finance,New York,2015,128174,112379,310570,136579.65
Company_10,Finance,New York,2016,138893,121777,336544,143358.05
Company_10,Finance,New York,2017,150510,131962,364691,172309.4
Company_10,Finance,New York,2018,163098,142999,395192,188603.65
Company_10,Finance,New York,2019,176738,154959,428243,197022.75
Company_10,Finance,New York,2020,191520,167918,464060,214018.7
Company_10,Finance,New York,2021,207537,181962,502871,233253.3
Company_10,Finance,New York,2022,224895,197181,544929,243962.55
Company_10,Finance,New York,2023,243704,213672,590504,266615.0
Company_10,Finance,New York,2024,264086,231542,639890,286511.5
Company_10,Finance,New York,2025,286173,250907,693407,315177.85
Company_11,Healthcare,Florida,2015,134201,76310,103903,129642.5
Company_11,Healthcare,Florida,2016,134610,76542,104220,118380.3
Company_11,Healthcare,Florida,2017,135021,76776,104538,131041.9
Company_11,Healthcare,Florida,2018,135433,77010,104857,110740.29999999999
Company_11,Healthcare,Florida,2019,135846,77245,105177,129653.65
Company_11,Healthcare,Florida,2020,136261,77481,105497,132264.55
Company_11,Healthcare,Florida,2021,136676,77717,105819,119539.65
Company_11,Healthcare,Florida,2022,137093,77954,106142,130949.4
Company_11,Healthcare,Florida,2023,137512,78192,106466,129182.8
Company_11,Healthcare,Florida,2024,137931,78431,106791,114932.45
Company_11,Healthcare,Florida,2025,138352,78670,107117,134277.59999999998
Company_12,Retail,California,2015,84143,54153,382299,118368.95000000001
Company_12,Retail,California,2016,93593,60235,425237,111745.05000000002
Company_12,Retail,California,2017,104105,67000,472997,128227.20000000001
Company_12,Retail,California,2018,115798,74525,526122,139518.55
Company_12,Retail,California,2019,128804,82896,585214,158610.59999999998
Company_12,Retail,California,2020,143270,92206,650943,178144.2
Company_12,Retail,California,2021,159362,102562,724054,192218.1
Company_12,Retail,California,2022,177261,114082,805377,232478.7
Company_12,Retail,California,2023,197170,126895,895833,254493.55
Company_12,Retail,California,2024,219315,141147,996449,267923.45
Company_12,Retail,California,2025,243948,157001,1108366,307924.35
Company_13,Healthcare,New York,2015,122684,172088,279932,150897.19999999998
Company_13,Healthcare,New York,2016,129479,181619,295436,154326.75
Company_13,Healthcare,New York,2017,136650,191679,311800,152978.85
Company_13,Healthcare,New York,2018,144219,202295,329070,174305.55
Company_13,Healthcare,New York,2019,152207,213500,347296,187844.5
Company_13,Healthcare,New York,2020,160637,225325,366532,175644.85
Company_13,Healthcare,New York,2021,169535,237805,386833,202949.55
Company_13,Healthcare,New York,2022,178925,250977,408259,197125.94999999998
Company_13,Healthcare,New York,2023,188835,264878,430872,228900.40000000002
Company_13,Healthcare,New York,2024,199294,279549,454737,222772.85
Company_13,Healthcare,New York,2025,210333,295032,479924,247990.29999999996
Company_14,Healthcare,Texas,2015,93074,131482,491676,131866.7
Company_14,Healthcare,Texas,2016,92781,131069,490133,129410.34999999998
Company_14,Healthcare,Texas,2017,92490,130658,488595,146520.2
Company_14,Healthcare,Texas,2018,92200,130248,487062,142680.4
Company_14,Healthcare,Texas,2019,91911,129839,485534,134004.94999999998
Company_14,Healthcare,Texas,2020,91622,129432,484010,137093.2
Company_14,Healthcare,Texas,2021,91335,129026,482491,145744.5
Company_14,Healthcare,Texas,2022,91048,128621,480978,129596.54999999999
Company_14,Healthcare,Texas,2023,90763,128217,479468,125435.45
Company_14,Healthcare,Texas,2024,90478,127815,477964,126826.25
Company_14,Healthcare,Texas,2025,90194,127414,476464,128689.29999999999
Company_15,Retail,New York,2015,58277,126983,494817,102170.04999999999
Company_15,Retail,New York,2016,63341,138017,537815,114490.75
Company_15,Retail,New York,2017,68845,150011,584550,133762.15
Company_15,Retail,New York,2018,74827,163046,635347,154503.5
Company_15,Retail,New York,2019,81330,177215,690557,159860.95
Company_15,Retail,New York,2020,88397,192614,750565,178904.5
Company_15,Retail,New York,2021,96079,209352,815788,190226.90000000002
Company_15,Retail,New York,2022,104428,227545,886679,198165.25
Company_15,Retail,New York,2023,113503,247318,963729,214118.7
Company_15,Retail,New York,2024,123366,268809,1047476,227499.15
Company_15,Retail,New York,2025,134086,292168,1138499,262625.3
Company_16,Retail,New York,2015,125577,149562,108127,134129.9
Company_16,Retail,New York,2016,136804,162934,117794,131365.3
Company_16,Retail,New York,2017,149036,177502,128326,155206.1
Company_16,Retail,New York,2018,162361,193372,139800,168099.5
Company_16,Retail,New York,2019,176878,210662,152299,168169.8
Company_16,Retail,New York,2020,192693,229497,165916,196078.25
Company_16,Retail,New York,2021,209922,250016,180751,210569.9
Company_16,Retail,New York,2022,228691,272370,196912,224277.4
Company_16,Retail,New York,2023,249138,296723,214518,255272.84999999998
Company_16,Retail,New York,2024,271413,323253,233698,262953.85
Company_16,Retail,New York,2025,295681,352155,254593,288433.25
Company_17,Finance,California,2015,29685,55935,193786,54816.350000000006
Company_17,Finance,California,2016,29895,56332,195162,47664.5
Company_17,Finance,California,2017,30108,56732,196549,57210.3
Company_17,Finance,California,2018,30322,57135,197945,47650.149999999994
Company_17,Finance,California,2019,30537,57541,199352,61988.25
Company_17,Finance,California,2020,30754,57950,200768,45257.100000000006
Company_17,Finance,California,2021,30973,58362,202194,44725.8
Company_17,Finance,California,2022,31193,58776,203631,45054.600000000006
Company_17,Finance,California,2023,31414,59194,205077,52194.600000000006
Company_17,Finance,California,2024,31637,59614,206534,49673.4
Company_17,Finance,California,2025,31862,60038,208002,52320.3
Company_18,Healthcare,New York,2015,36968,156354,196002,81582.9
Company_18,Healthcare,New York,2016,36794,155620,195082,72169.0
Company_18,Healthcare,New York,2017,36622,154891,194168,69453.84999999999
Company_18,Healthcare,New York,2018,36450,154164,193257,71524.3
Company_18,Healthcare,New York,2019,36279,153441,192351,82415.55
Company_18,Healthcare,New York,2020,36109,152722,191449,67557.5
Company_18,Healthcare,New York,2021,35939,152006,190551,63247.3
Company_18,Healthcare,New York,2022,35771,151293,189658,64696.45
Company_18,Healthcare,New York,2023,35603,150583,188768,68775.35
Company_18,Healthcare,New York,2024,35436,149877,187883,76350.05
Company_18,Healthcare,New York,2025,35270,149174,187002,68630.3
Company_19,Tech,California,2015,98484,190785,199049,122018.44999999998
Company_19,Tech,California,2016,94599,183260,191198,118888.1
Company_19,Tech,California,2017,90868,176032,183657,105512.09999999999
Company_19,Tech,California,2018,87284,169089,176413,113976.45
Company_19,Tech,California,2019,83842,162420,169456,93071.0
Company_19,Tech,California,2020,80535,156014,162772,99712.8
Company_19,Tech,California,2021,77359,149861,156352,104187.65
Company_19,Tech,California,2022,74308,143950,150186,90008.70000000001
Company_19,Tech,California,2023,71377,138273,144262,85512.04999999999
Company_19,Tech,California,2024,68562,132819,138573,89644.55
Company_19,Tech,California,2025,65858,127581,133107,78036.45
Company_20,Retail,Texas,2015,34548,100041,404870,88334.75
Company_20,Retail,Texas,2016,37499,108586,439455,97688.7
Company_20,Retail,Texas,2017,40702,117862,476995,108153.2
Company_20,Retail,Texas,2018,44179,127930,517741,100248.90000000001
Company_20,Retail,Texas,2019,47953,138859,561969,117169.85
Company_20,Retail,Texas,2020,52049,150721,609974,126144.85
Company_20,Retail,Texas,2021,56496,163596,662080,124701.59999999999
Company_20,Retail,Texas,2022,61322,177571,718638,142181.84999999998
Company_20,Retail,Texas,2023,66560,192740,780026,166674.6
Company_20,Retail,Texas,2024,72246,209204,846659,168359.7
Company_20,Retail,Texas,2025,78417,227075,918984,177160.55
Company_21,Tech,Texas,2015,66748,135200,96683,83115.90000000001
Company_21,Tech,Texas,2016,67400,136521,97628,88394.95
Company_21,Tech,Texas,2017,68059,137856,98582,81152.9
Company_21,Tech,Texas,2018,68724,139204,99546,81457.0
Company_21,Tech,Texas,2019,69396,140565,100519,90552.85
Company_21,Tech,Texas,2020,70075,141939,101502,78591.55
Company_21,Tech,Texas,2021,70760,143327,102495,94367.55
Company_21,Tech,Texas,2022,71452,144728,103497,90014.29999999999
Company_21,Tech,Texas,2023,72150,146143,104509,76622.35
Company_21,Tech,Texas,2024,72856,147572,105530,90163.0
Company_21,Tech,Texas,2025,73568,149015,106562,82045.05
Company_22,Tech,Florida,2015,136034,193264,127302,139805.6
Company_22,Tech,Florida,2016,150335,213582,140685,165388.3
Company_22,Tech,Florida,2017,166141,236037,155476,173102.85
Company_22,Tech,Florida,2018,183608,260852,171822,176968.6
Company_22,Tech,Florida,2019,202911,288277,189886,198345.84999999998
Company_22,Tech,Florida,2020,224244,318584,209850,232497.4
Company_22,Tech,Florida,2021,247820,352078,231912,257210.90000000002
Company_22,Tech,Florida,2022,273874,389094,256294,281437.3
Company_22,Tech,Florida,2023,302667,430001,283239,305854.95
Company_22,Tech,Florida,2024,334488,475208,313017,345781.5
Company_22,Tech,Florida,2025,369654,525169,345926,366490.74999999994
Company_23,Tech,California,2015,57968,55644,278163,74227.5
Company_23,Tech,California,2016,62316,59817,299027,82113.45
Company_23,Tech,California,2017,66990,64304,321457,103410.3
Company_23,Tech,California,2018,72015,69128,345570,107025.7
Company_23,Tech,California,2019,77417,74313,371491,109953.94999999998
Company_23,Tech,California,2020,83224,79887,399356,107826.45
Company_23,Tech,California,2021,89466,85880,429312,114999.4
Company_23,Tech,California,2022,96177,92321,461514,120165.44999999998
Company_23,Tech,California,2023,103391,99246,496132,130161.79999999999
Company_23,Tech,California,2024,111147,106691,533347,149222.25
Company_23,Tech,California,2025,119484,114694,573353,155112.2
Company_24,Healthcare,Texas,2015,105665,94693,148303,95034.75
Company_24,Healthcare,Texas,2016,101721,91159,142768,101147.35
Company_24,Healthcare,Texas,2017,97925,87757,137440,103274.05
Company_24,Healthcare,Texas,2018,94271,84482,132311,90863.1
Company_24,Healthcare,Texas,2019,90753,81329,127374,100378.85
Company_24,Healthcare,Texas,2020,87366,78294,122620,84765.3
Company_24,Healthcare,Texas,2021,84106,75372,118045,90489.5
Company_24,Healthcare,Texas,2022,80967,72560,113639,80944.79999999999
Company_24,Healthcare,Texas,2023,77946,69852,109399,88605.9
Company_24,Healthcare,Texas,2024,75037,67245,105316,65440.25
Company_24,Healthcare,Texas,2025,72237,64736,101386,63649.899999999994
Company_25,Retail,Florida,2015,46288,106533,115339,74319.45
Company_25,Retail,Florida,2016,48013,110504,119639,58828.6
Company_25,Retail,Florida,2017,49803,114624,124099,64634.6
Company_25,Retail,Florida,2018,51660,118898,128726,77467.3
Company_25,Retail,Florida,2019,53586,123331,133525,64922.34999999999
Company_25,Retail,Florida,2020,55584,127929,138504,76312.54999999999
Company_25,Retail,Florida,2021,57657,132699,143668,80671.54999999999
Company_25,Retail,Florida,2022,59806,137646,149024,74760.5
Company_25,Retail,Florida,2023,62036,142778,154580,74883.9
Company_25,Retail,Florida,2024,64349,148101,160344,83253.85
Company_25,Retail,Florida,2025,66748,153623,166322,90726.25
Company_26,Healthcare,Florida,2015,82947,61281,244330,100932.04999999999
Company_26,Healthcare,Florida,2016,87598,64717,258030,104772.15
Company_26,Healthcare,Florida,2017,92510,68346,272499,117227.79999999999
Company_26,Healthcare,Florida,2018,97697,72178,287779,110281.5
Company_26,Healthcare,Florida,2019,103175,76225,303915,123297.75
Company_26,Healthcare,Florida,2020,108961,80500,320957,125510.4
Company_26,Healthcare,Florida,2021,115070,85014,338954,123986.5
Company_26,Healthcare,Florida,2022,121523,89781,357961,144990.34999999998
Company_26,Healthcare,Florida,2023,128337,94815,378033,139011.45
Company_26,Healthcare,Florida,2024,135534,100132,399231,161197.7
Company_26,Healthcare,Florida,2025,143133,105746,421617,157359.69999999998
Company_27,Retail,California,2015,90206,157602,198833,113823.8
Company_27,Retail,California,2016,89733,156775,197790,103750.35
Company_27,Retail,California,2017,89262,155953,196753,110080.65
Company_27,Retail,California,2018,88794,155136,195722,105656.4
Company_27,Retail,California,2019,88329,154322,194696,98432.2
Company_27,Retail,California,2020,87866,153513,193675,112453.65
Company_27,Retail,California,2021,87405,152709,192660,110232.84999999999
Company_27,Retail,California,2022,86947,151908,191650,99991.09999999999
Company_27,Retail,California,2023,86491,151112,190645,110858.0
Company_27,Retail,California,2024,86037,150319,189645,96460.25
Company_27,Retail,California,2025,85586,149531,188651,115934.95
Company_28,Healthcare,Florida,2015,98613,36269,457649,116642.35
Company_28,Healthcare,Florida,2016,103891,38210,482146,141448.8
Company_28,Healthcare,Florida,2017,109452,40255,507954,132177.05
Company_28,Healthcare,Florida,2018,115311,42410,535144,141922.6
Company_28,Healthcare,Florida,2019,121483,44680,563789,145955.0
Company_28,Healthcare,Florida,2020,127986,47072,593967,158936.7
Company_28,Healthcare,Florida,2021,134837,49592,625761,175505.8
Company_28,Healthcare,Florida,2022,142055,52246,659257,170885.09999999998
Company_28,Healthcare,Florida,2023,149659,55043,694546,178453.34999999998
Company_28,Healthcare,Florida,2024,157669,57989,731723,207175.95
Company_28,Healthcare,Florida,2025,166109,61093,770891,203076.34999999998
Company_29,Automotive,Florida,2015,126658,186093,267160,141300.55
Company_29,Automotive,Florida,2016,138914,204101,293013,168866.25
Company_29,Automotive,Florida,2017,152357,223852,321368,173644.5
Company_29,Automotive,Florida,2018,167101,245514,352467,198553.5
Company_29,Automotive,Florida,2019,183271,269273,386575,199552.15
Company_29,Automotive,Florida,2020,201007,295330,423984,233086.8
Company_29,Automotive,Florida,2021,220458,323910,465013,250739.39999999997
Company_29,Automotive,Florida,2022,241792,355255,510013,288534.95
Company_29,Automotive,Florida,2023,265190,389633,559367,310543.65
Company_29,Automotive,Florida,2024,290853,427338,613498,341095.6
Company_29,Automotive,Florida,2025,318999,468692,672866,369801.69999999995
Company_30,Automotive,California,2015,138467,75944,67250,129231.5
Company_30,Automotive,California,2016,154203,84574,74892,126342.4
Company_30,Automotive,California,2017,171728,94186,83404,156335.9
Company_30,Automotive,California,2018,191245,104890,92883,166782.3
Company_30,Automotive,California,2019,212980,116811,103439,181228.55
Company_30,Automotive,California,2020,237185,130087,115194,211849.94999999998
Company_30,Automotive,California,2021,264140,144871,128286,232878.25
Company_30,Automotive,California,2022,294160,161335,142866,246424.85
Company_30,Automotive,California,2023,327591,179671,159102,267680.55
Company_30,Automotive,California,2024,364821,200091,177184,311228.75
Company_30,Automotive,California,2025,406283,222831,197321,334701.85
Company_31,Tech,Texas,2015,145318,35676,423516,142093.59999999998
Company_31,Tech,Texas,2016,149351,36666,435271,152934.7
Company_31,Tech,Texas,2017,153496,37683,447352,164827.85
Company_31,Tech,Texas,2018,157757,38729,459769,165018.15
Company_31,Tech,Texas,2019,162136,39804,472531,168549.90000000002
Company_31,Tech,Texas,2020,166636,40909,485647,173406.25
Company_31,Tech,Texas,2021,171261,42045,499127,182340.15
Company_31,Tech,Texas,2022,176015,43212,512981,183168.4
Company_31,Tech,Texas,2023,180901,44411,527219,181576.25
Company_31,Tech,Texas,2024,185922,45644,541853,191352.3
Company_31,Tech,Texas,2025,191082,46911,556893,197451.34999999998
Company_32,Finance,New York,2015,43160,181096,377293,94933.7
Company_32,Finance,New York,2016,42754,179395,373750,106374.05
Company_32,Finance,New York,2017,42353,177711,370242,104773.95000000001
Company_32,Finance,New York,2018,41955,176043,366766,101706.54999999999
Company_32,Finance,New York,2019,41561,174390,363323,100927.5
Company_32,Finance,New York,2020,41171,172753,359912,103900.85
Company_32,Finance,New York,2021,40785,171131,356533,89871.45
Company_32,Finance,New York,2022,40402,169525,353186,99412.75
Company_32,Finance,New York,2023,40023,167933,349870,85019.05
Company_32,Finance,New York,2024,39647,166357,346586,98838.04999999999
Company_32,Finance,New York,2025,39275,164795,343332,91460.95000000001
Company_33,Automotive,California,2015,107361,32829,272133,114470.35
Company_33,Automotive,California,2016,120121,36730,304476,118933.8
Company_33,Automotive,California,2017,134397,41096,340664,130994.69999999998
Company_33,Automotive,California,2018,150371,45980,381153,158598.0
Company_33,Automotive,California,2019,168243,51445,426453,165850.15
Company_33,Automotive,California,2020,188239,57560,477138,191463.09999999998
Company_33,Automotive,California,2021,210611,64401,533848,224328.64999999997
Company_33,Automotive,California,2022,235643,72055,597297,235768.05
Company_33,Automotive,California,2023,263650,80619,668287,255640.55
Company_33,Automotive,California,2024,294985,90201,747714,304169.05
Company_33,Automotive,California,2025,330045,100921,836582,326940.85
Company_34,Tech,Florida,2015,71520,123287,458196,125897.65000000001
Company_34,Tech,Florida,2016,76639,132111,490994,123269.35
Company_34,Tech,Florida,2017,82125,141568,526139,138944.6
Company_34,Tech,Florida,2018,88003,151702,563801,152597.5
Company_34,Tech,Florida,2019,94303,162561,604158,156529.05
Company_34,Tech,Florida,2020,101053,174197,647405,171842.15
Company_34,Tech,Florida,2021,108287,186666,693746,177281.4
Company_34,Tech,Florida,2022,116038,200028,743405,192540.3
Company_34,Tech,Florida,2023,124344,214346,796619,204859.59999999998
Company_34,Tech,Florida,2024,133245,229689,853642,213582.05000000002
Company_34,Tech,Florida,2025,142783,246131,914746,224789.35
Company_35,Healthcare,California,2015,127962,193337,254801,139065.05
Company_35,Healthcare,California,2016,140250,211903,279270,155502.45
Company_35,Healthcare,California,2017,153719,232253,306089,173957.15
Company_35,Healthcare,California,2018,168481,254557,335484,182364.65
Company_35,Healthcare,California,2019,184661,279003,367702,216038.35
Company_35,Healthcare,California,2020,202395,305797,403014,221838.44999999998
Company_35,Healthcare,California,2021,221831,335164,441716,252728.9
Company_35,Healthcare,California,2022,243135,367351,484136,272916.75
Company_35,Healthcare,California,2023,266484,402629,530629,292368.05
Company_35,Healthcare,California,2024,292075,441295,581587,327567.45
Company_35,Healthcare,California,2025,320124,483674,637439,367019.8
Company_36,Automotive,New York,2015,106535,38373,35742,79572.65
Company_36,Automotive,New York,2016,110513,39806,37076,97383.59999999999
Company_36,Automotive,New York,2017,114641,41292,38461,88149.6
Company_36,Automotive,New York,2018,118922,42834,39897,105656.2
Company_36,Automotive,New York,2019,123364,44434,41388,91195.7
Company_36,Automotive,New York,2020,127971,46094,42933,109859.1
Company_36,Automotive,New York,2021,132750,47815,44537,112774.95
Company_36,Automotive,New York,2022,137708,49601,46200,102118.74999999999
Company_36,Automotive,New York,2023,142851,51453,47926,114430.25
Company_36,Automotive,New York,2024,148186,53375,49715,122514.95
Company_36,Automotive,New York,2025,153720,55368,51572,113131.4
Company_37,Retail,Texas,2015,116259,67911,385163,143223.25
Company_37,Retail,Texas,2016,122144,71348,404661,142366.09999999998
Company_37,Retail,Texas,2017,128327,74960,425147,142037.6
Company_37,Retail,Texas,2018,134824,78755,446670,149048.05
Company_37,Retail,Texas,2019,141649,82742,469282,156576.8
Company_37,Retail,Texas,2020,148820,86931,493039,165301.55
Company_37,Retail,Texas,2021,156354,91332,517999,177378.5
Company_37,Retail,Texas,2022,164270,95955,544222,193502.44999999998
Company_37,Retail,Texas,2023,172586,100813,571773,201242.45
Company_37,Retail,Texas,2024,181323,105917,600718,198158.45
Company_37,Retail,Texas,2025,190502,111279,631129,214915.15
Company_38,Healthcare,Texas,2015,147485,168563,318458,165575.75
Company_38,Healthcare,Texas,2016,151525,173180,327181,161501.6
Company_38,Healthcare,Texas,2017,155675,177924,336143,163097.40000000002
Company_38,Healthcare,Texas,2018,159940,182798,345351,175192.80000000002
Company_38,Healthcare,Texas,2019,164321,187805,354811,178889.55000000002
Company_38,Healthcare,Texas,2020,168822,192950,364531,185145.0
Company_38,Healthcare,Texas,2021,173447,198235,374516,203456.75
Company_38,Healthcare,Texas,2022,178198,203665,384775,186099.84999999998
Company_38,Healthcare,Texas,2023,183079,209244,395315,197829.4
Company_38,Healthcare,Texas,2024,188094,214976,406144,198470.59999999998
Company_38,Healthcare,Texas,2025,193247,220865,417270,216450.65
Company_39,Automotive,California,2015,36532,180226,144311,69998.4
Company_39,Automotive,California,2016,37413,184573,147792,78245.25
Company_39,Automotive,California,2017,38315,189026,151357,63525.09999999999
Company_39,Automotive,California,2018,39240,193585,155008,75119.55
Company_39,Automotive,California,2019,40186,198255,158747,86994.15
Company_39,Automotive,California,2020,41156,203038,162577,74317.59999999999
Company_39,Automotive,California,2021,42148,207936,166499,84267.9
Company_39,Automotive,California,2022,43165,212952,170515,72931.79999999999
Company_39,Automotive,California,2023,44206,218089,174629,94426.45
Company_39,Automotive,California,2024,45273,223350,178841,81387.7
Company_39,Automotive,California,2025,46365,228738,183155,89826.7
Company_40,Automotive,Florida,2015,131326,59140,174479,116998.1
Company_40,Automotive,Florida,2016,145831,65672,193751,126526.6
Company_40,Automotive,Florida,2017,161939,72926,215152,139723.4
Company_40,Automotive,Florida,2018,179827,80981,238917,167818.75
Company_40,Automotive,Florida,2019,199690,89926,265307,186956.6
Company_40,Automotive,Florida,2020,221747,99859,294612,198330.95
Company_40,Automotive,Florida,2021,246241,110889,327154,223016.44999999998
Company_40,Automotive,Florida,2022,273440,123138,363291,242355.80000000002
Company_40,Automotive,Florida,2023,303643,136739,403419,269815.85
Company_40,Automotive,Florida,2024,337183,151843,447979,296386.45
Company_40,Automotive,Florida,2025,374427,168615,497462,352051.35000000003
Company_41,Automotive,Texas,2015,135280,62953,369219,143143.85
Company_41,Automotive,Texas,2016,132581,61697,361852,148424.45
Company_41,Automotive,Texas,2017,129936,60466,354633,128060.4
Company_41,Automotive,Texas,2018,127343,59259,347558,138847.75
Company_41,Automotive,Texas,2019,124803,58077,340624,139379.05
Company_41,Automotive,Texas,2020,122313,56918,333829,136634.69999999998
Company_41,Automotive,Texas,2021,119873,55783,327169,123629.44999999998
Company_41,Automotive,Texas,2022,117481,54670,320642,133971.4
Company_41,Automotive,Texas,2023,115137,53579,314245,117974.25
Company_41,Automotive,Texas,2024,112840,52510,307976,116026.1
Company_41,Automotive,Texas,2025,110589,51463,301831,130266.84999999999
Company_42,Retail,Texas,2015,76923,49879,168252,92070.15
Company_42,Retail,Texas,2016,81993,53166,179342,91908.2
Company_42,Retail,Texas,2017,87397,56671,191163,88293.84999999999
Company_42,Retail,Texas,2018,93158,60406,203763,98885.8
Company_42,Retail,Texas,2019,99298,64388,217193,107701.09999999999
Company_42,Retail,Texas,2020,105843,68632,231509,103151.79999999999
Company_42,Retail,Texas,2021,112820,73155,246769,107655.15
Company_42,Retail,Texas,2022,120256,77977,263034,132396.15
Company_42,Retail,Texas,2023,128183,83117,280372,132594.84999999998
Company_42,Retail,Texas,2024,136632,88596,298852,142752.0
Company_42,Retail,Texas,2025,145638,94435,318550,153510.84999999998
Company_43,Healthcare,Texas,2015,84590,125705,114758,92916.55
Company_43,Healthcare,Texas,2016,88562,131608,120147,101100.29999999999
Company_43,Healthcare,Texas,2017,92721,137788,125789,108516.79999999999
Company_43,Healthcare,Texas,2018,97075,144258,131696,116760.8
Company_43,Healthcare,Texas,2019,101634,151033,137880,104897.74999999999
Company_43,Healthcare,Texas,2020,106406,158125,144355,120609.45
Company_43,Healthcare,Texas,2021,111403,165551,151134,129119.15
Company_43,Healthcare,Texas,2022,116635,173325,158231,131524.35
Company_43,Healthcare,Texas,2023,122112,181465,165662,143859.34999999998
Company_43,Healthcare,Texas,2024,127846,189986,173441,135424.19999999998
Company_43,Healthcare,Texas,2025,133850,198908,181586,150536.8
Company_44,Retail,California,2015,31945,90331,146810,53521.15
Company_44,Retail,California,2016,34247,96842,157392,66092.4
Company_44,Retail,California,2017,36716,103822,168737,71760.2
Company_44,Retail,California,2018,39362,111306,180900,57593.299999999996
Company_44,Retail,California,2019,42200,119329,193940,60685.34999999999
Company_44,Retail,California,2020,45242,127931,207920,85497.04999999999
Company_44,Retail,California,2021,48503,137153,222907,69608.75
Company_44,Retail,California,2022,51999,147039,238975,90301.65
Company_44,Retail,California,2023,55747,157638,256201,88985.7
Company_44,Retail,California,2024,59766,169001,274668,103868.15
Company_44,Retail,California,2025,64074,181183,294467,96856.95
Company_45,Retail,New York,2015,62682,98822,126309,82984.6
Company_45,Retail,New York,2016,67610,106592,136240,74461.8
Company_45,Retail,New York,2017,72926,114973,146953,90793.45
Company_45,Retail,New York,2018,78661,124014,158508,97404.59999999999
Company_45,Retail,New York,2019,84846,133765,170971,97383.05
Company_45,Retail,New York,2020,91517,144283,184415,110765.84999999999
Company_45,Retail,New York,2021,98713,155628,198915,110904.79999999999
Company_45,Retail,New York,2022,106475,167865,214556,123073.85
Company_45,Retail,New York,2023,114847,181064,231427,142269.2
Company_45,Retail,New York,2024,123878,195301,249624,137892.15
Company_45,Retail,New York,2025,133618,210658,269252,165026.5
Company_46,Automotive,California,2015,76859,120024,121572,79234.09999999999
Company_46,Automotive,California,2016,74052,115641,117133,80853.84999999999
Company_46,Automotive,California,2017,71348,111419,112856,75662.05
Company_46,Automotive,California,2018,68743,107350,108735,68067.1
Company_46,Automotive,California,2019,66233,103431,104765,69567.25
Company_46,Automotive,California,2020,63815,99654,100939,82525.5
Company_46,Automotive,California,2021,61485,96015,97254,63675.149999999994
Company_46,Automotive,California,2022,59240,92509,93703,72121.65
Company_46,Automotive,California,2023,57076,89132,90281,61472.1
Company_46,Automotive,California,2024,54992,85877,86985,66959.45
Company_46,Automotive,California,2025,52984,82742,83809,65779.0
Company_47,Finance,New York,2015,94494,43762,190162,86578.3
Company_47,Finance,New York,2016,98412,45576,198047,104071.49999999999
Company_47,Finance,New York,2017,102492,47466,206259,108786.19999999998
Company_47,Finance,New York,2018,106742,49434,214811,110514.6
Company_47,Finance,New York,2019,111168,51484,223719,114323.1
Company_47,Finance,New York,2020,115778,53619,232995,119902.95
Company_47,Finance,New York,2021,120579,55842,242656,118269.2
Company_47,Finance,New York,2022,125579,58158,252718,114964.79999999999
Company_47,Finance,New York,2023,130786,60569,263197,138328.25
Company_47,Finance,New York,2024,136209,63081,274111,135706.55
Company_47,Finance,New York,2025,141857,65696,285477,135461.0
Company_48,Tech,Texas,2015,114476,176451,293309,142648.75
Company_48,Tech,Texas,2016,124295,191587,318469,160919.45
Company_48,Tech,Texas,2017,134957,208021,345787,162289.75
Company_48,Tech,Texas,2018,146534,225865,375449,173289.44999999998
Company_48,Tech,Texas,2019,159104,245240,407655,181074.3
Company_48,Tech,Texas,2020,172752,266277,442624,205261.34999999998
Company_48,Tech,Texas,2021,187571,289118,480592,231793.59999999998
Company_48,Tech,Texas,2022,203661,313919,521818,241257.34999999998
Company_48,Tech,Texas,2023,221131,340847,566579,261662.64999999997
Company_48,Tech,Texas,2024,240099,370085,615181,287646.15
Company_48,Tech,Texas,2025,260695,401831,667951,317186.25
Company_49,Automotive,Florida,2015,124089,65417,74430,103552.84999999999
Company_49,Automotive,Florida,2016,130265,68672,78134,111991.7
Company_49,Automotive,Florida,2017,136748,72090,82023,125128.4
Company_49,Automotive,Florida,2018,143554,75678,86105,120846.99999999999
Company_49,Automotive,Florida,2019,150699,79445,90391,140615.15
Company_49,Automotive,Florida,2020,158199,83399,94890,142443.15
Company_49,Automotive,Florida,2021,166073,87550,99612,137345.8
Company_49,Automotive,Florida,2022,174339,91907,104570,148322.34999999998
Company_49,Automotive,Florida,2023,183016,96482,109775,156872.0
Company_49,Automotive,Florida,2024,192125,101284,115238,158190.9
Company_49,Automotive,Florida,2025,201687,106325,120974,165273.05
Company_50,Retail,California,2015,86138,43382,276096,101685.5
Company_50,Retail,California,2016,87643,44140,280922,103771.3
Company_50,Retail,California,2017,89176,44912,285833,99377.3
Company_50,Retail,California,2018,90734,45697,290830,101004.34999999999
Company_50,Retail,California,2019,92321,46496,295914,95992.5
Company_50,Retail,California,2020,93935,47308,301087,99100.4
Company_50,Retail,California,2021,95577,48135,306351,97877.25
Company_50,Retail,California,2022,97248,48977,311706,121086.75
Company_50,Retail,California,2023,98948,49833,317156,114631.15
Company_50,Retail,California,2024,100677,50704,322700,116652.5
Company_50,Retail,California,2025,102437,51591,328341,112668.65
Company_51,Automotive,Texas,2015,55034,144776,166724,89954.6
Company_51,Automotive,Texas,2016,53391,140453,161746,70341.25
Company_51,Automotive,Texas,2017,51797,136260,156918,67906.7
Company_51,Automotive,Texas,2018,50250,132193,152233,67179.25
Company_51,Automotive,Texas,2019,48750,128246,147688,78817.7
Company_51,Automotive,Texas,2020,47295,124418,143279,69318.1
Company_51,Automotive,Texas,2021,45883,120703,139002,62310.75
Company_51,Automotive,Texas,2022,44513,117100,134852,73956.3
Company_51,Automotive,Texas,2023,43184,113604,130827,54310.09999999999
Company_51,Automotive,Texas,2024,41895,110213,126921,53144.549999999996
Company_51,Automotive,Texas,2025,40644,106923,123132,52105.45
Company_52,Retail,Florida,2015,30791,59367,242344,58048.149999999994
Company_52,Retail,Florida,2016,31883,61473,250943,58279.35
Company_52,Retail,Florida,2017,33015,63655,259848,50947.55
Company_52,Retail,Florida,2018,34186,65913,269069,65015.049999999996
Company_52,Retail,Florida,2019,35399,68252,278617,56012.8
Company_52,Retail,Florida,2020,36655,70674,288504,64554.0
Company_52,Retail,Florida,2021,37956,73182,298741,80217.6
Company_52,Retail,Florida,2022,39303,75779,309342,83265.15
Company_52,Retail,Florida,2023,40698,78468,320319,71535.7
Company_52,Retail,Florida,2024,42142,81253,331686,69437.95
Company_52,Retail,Florida,2025,43637,84136,343456,77968.9
Company_53,Finance,California,2015,39210,41955,162354,48521.65
Company_53,Finance,California,2016,37930,40586,157057,52931.600000000006
Company_53,Finance,California,2017,36693,39262,151934,59138.8
Company_53,Finance,California,2018,35496,37981,146978,44291.15
Company_53,Finance,California,2019,34338,36742,142183,55910.2
Company_53,Finance,California,2020,33218,35544,137545,49193.7
Company_53,Finance,California,2021,32134,34384,133058,41460.2
Company_53,Finance,California,2022,31086,33262,128717,34793.2
Company_53,Finance,California,2023,30072,32177,124518,43705.75
Company_53,Finance,California,2024,29091,31128,120456,49682.5
Company_53,Finance,California,2025,28142,30112,116527,34477.899999999994
Company_54,Automotive,Texas,2015,76728,105458,67649,71632.2
Company_54,Automotive,Texas,2016,85150,117034,75074,94110.49999999999
Company_54,Automotive,Texas,2017,94497,129881,83316,100789.65
Company_54,Automotive,Texas,2018,104871,144138,92461,98559.5
Company_54,Automotive,Texas,2019,116383,159961,102611,111541.34999999999
Company_54,Automotive,Texas,2020,129158,177520,113875,129992.09999999999
Company_54,Automotive,Texas,2021,143336,197007,126376,150023.85
Company_54,Automotive,Texas,2022,159071,218633,140248,154969.44999999998
Company_54,Automotive,Texas,2023,176532,242633,155644,180288.74999999997
Company_54,Automotive,Texas,2024,195911,269268,172729,203022.79999999996
Company_54,Automotive,Texas,2025,217416,298826,191690,230150.09999999998
Company_55,Finance,Florida,2015,47380,47074,232102,59047.3
Company_55,Finance,Florida,2016,46710,46409,228823,65185.65
Company_55,Finance,Florida,2017,46051,45753,225591,55171.75
Company_55,Finance,Florida,2018,45400,45107,222405,62330.549999999996
Company_55,Finance,Florida,2019,44759,44470,219264,55507.200000000004
Company_55,Finance,Florida,2020,44127,43842,216167,54776.899999999994
Company_55,Finance,Florida,2021,43503,43223,213114,70220.95
Company_55,Finance,Florida,2022,42889,42612,210104,67505.5
Company_55,Finance,Florida,2023,42283,42010,207136,51567.2
Company_55,Finance,Florida,2024,41686,41417,204211,56507.850000000006
Company_55,Finance,Florida,2025,41097,40832,201327,62045.399999999994
Company_56,Healthcare,Texas,2015,105162,162025,258616,129696.75
Company_56,Healthcare,Texas,2016,111529,171835,274274,145346.94999999998
Company_56,Healthcare,Texas,2017,118281,182239,290880,139655.55
Company_56,Healthcare,Texas,2018,125443,193273,308492,148642.25
Company_56,Healthcare,Texas,2019,133038,204975,327171,166542.94999999998
Company_56,Healthcare,Texas,2020,141093,217385,346980,173414.84999999998
Company_56,Healthcare,Texas,2021,149636,230548,367988,188785.2
Company_56,Healthcare,Texas,2022,158696,244506,390269,189109.0
Company_56,Healthcare,Texas,2023,168305,259311,413899,194786.05
Company_56,Healthcare,Texas,2024,178495,275011,438959,203257.05
Company_56,Healthcare,Texas,2025,189303,291662,465537,221777.1
Company_57,Retail,California,2015,149236,86458,271697,136607.6
Company_57,Retail,California,2016,149258,86471,271738,157250.05
Company_57,Retail,California,2017,149281,86484,271779,137298.2
Company_57,Retail,California,2018,149303,86497,271820,149005.65
Company_57,Retail,California,2019,149326,86510,271861,145633.8
Company_57,Retail,California,2020,149348,86523,271902,140637.25
Company_57,Retail,California,2021,149371,86536,271943,142992.4
Company_57,Retail,California,2022,149393,86549,271984,147830.85
Company_57,Retail,California,2023,149416,86562,272025,146215.0
Company_57,Retail,California,2024,149438,86575,272066,147917.44999999998
Company_57,Retail,California,2025,149461,86588,272107,145298.6
Company_58,Finance,Texas,2015,33849,197539,363157,104513.85
Company_58,Finance,Texas,2016,36183,211165,388207,90835.55
Company_58,Finance,Texas,2017,38679,225731,414987,102556.65
Company_58,Finance,Texas,2018,41348,241303,443613,114291.35
Company_58,Finance,Texas,2019,44200,257948,474214,115370.6
Company_58,Finance,Texas,2020,47249,275742,506926,121522.2
Company_58,Finance,Texas,2021,50508,294763,541894,136676.44999999998
Company_58,Finance,Texas,2022,53992,315096,579275,146614.3
Company_58,Finance,Texas,2023,57717,336831,619234,163128.94999999998
Company_58,Finance,Texas,2024,61698,360067,661949,156055.55
Company_58,Finance,Texas,2025,65954,384904,707611,174381.5
Company_59,Automotive,Florida,2015,54580,168536,107461,68525.5
Company_59,Automotive,Florida,2016,56308,173874,110864,87925.1
Company_59,Automotive,Florida,2017,58092,179381,114376,85012.15
Company_59,Automotive,Florida,2018,59932,185062,117998,74925.5
Company_59,Automotive,Florida,2019,61830,190924,121735,85623.1
Company_59,Automotive,Florida,2020,63788,196971,125591,99391.35
Company_59,Automotive,Florida,2021,65809,203209,129569,93564.54999999999
Company_59,Automotive,Florida,2022,67893,209646,133673,97767.3
Company_59,Automotive,Florida,2023,70043,216286,137907,90237.7
Company_59,Automotive,Florida,2024,72262,223136,142275,103204.29999999999
Company_59,Automotive,Florida,2025,74551,230204,146781,111629.4
Company_60,Retail,Florida,2015,124456,187217,488831,156957.85
Company_60,Retail,Florida,2016,132267,198968,519514,173510.5
Company_60,Retail,Florida,2017,140570,211457,552123,199219.85
Company_60,Retail,Florida,2018,149393,224730,586779,209181.49999999997
Company_60,Retail,Florida,2019,158770,238836,623610,218324.4
Company_60,Retail,Florida,2020,168736,253827,662754,228681.65000000002
Company_60,Retail,Florida,2021,179328,269760,704354,237463.0
Company_60,Retail,Florida,2022,190584,286692,748565,264510.1
Company_60,Retail,Florida,2023,202547,304687,795552,269380.15
Company_60,Retail,Florida,2024,215260,323812,845488,280766.6
Company_60,Retail,Florida,2025,228772,344138,898558,298711.89999999997
Company_61,Healthcare,California,2015,127828,34107,212739,111900.54999999999
Company_61,Healthcare,California,2016,137924,36800,229541,131770.9
Company_61,Healthcare,California,2017,148817,39707,247671,131458.05
Company_61,Healthcare,California,2018,160571,42843,267233,149726.45
Company_61,Healthcare,California,2019,173254,46227,288340,158128.84999999998
Company_61,Healthcare,California,2020,186938,49878,311114,162346.69999999998
Company_61,Healthcare,California,2021,201703,53818,335687,182532.5
Company_61,Healthcare,California,2022,217634,58069,362200,206347.15
Company_61,Healthcare,California,2023,234824,62655,390808,209589.84999999998
Company_61,Healthcare,California,2024,253371,67604,421675,243055.8
Company_61,Healthcare,California,2025,273383,72943,454980,256722.55
Company_62,Automotive,New York,2015,102918,178413,332316,129013.15
Company_62,Automotive,New York,2016,110704,191911,357459,134025.34999999998
Company_62,Automotive,New York,2017,119080,206432,384505,147651.3
Company_62,Automotive,New York,2018,128090,222051,413597,167338.35
Company_62,Automotive,New York,2019,137782,238851,444890,187480.05
Company_62,Automotive,New York,2020,148206,256923,478551,193974.75
Company_62,Automotive,New York,2021,159420,276362,514759,210868.19999999998
Company_62,Automotive,New York,2022,171482,297272,553706,214458.8
Company_62,Automotive,New York,2023,184456,319764,595600,230189.8
Company_62,Automotive,New York,2024,198413,343958,640664,257197.19999999998
Company_62,Automotive,New York,2025,213425,369982,689137,275513.5
Company_63,Automotive,Texas,2015,141384,104952,258045,150556.09999999998
Company_63,Automotive,Texas,2016,154768,114887,282474,157425.05
Company_63,Automotive,Texas,2017,169421,125764,309216,172507.9
Company_63,Automotive,Texas,2018,185460,137670,338490,188800.5
Company_63,Automotive,Texas,2019,203017,150703,370535,205394.85
Company_63,Automotive,Texas,2020,222237,164971,405613,227173.84999999998
Company_63,Automotive,Texas,2021,243277,180589,444013,244997.55
Company_63,Automotive,Texas,2022,266308,197685,486048,258078.14999999997
Company_63,Automotive,Texas,2023,291519,216400,532063,299594.6
Company_63,Automotive,Texas,2024,319118,236887,582434,311037.05
Company_63,Automotive,Texas,2025,349329,259313,637573,349934.55
Company_64,Automotive,California,2015,46788,170480,192347,78308.3
Company_64,Automotive,California,2016,48737,177582,200360,93380.2
Company_64,Automotive,California,2017,50767,184981,208708,85708.84999999999
Company_64,Automotive,California,2018,52882,192688,217403,88586.9
Company_64,Automotive,California,2019,55086,200716,226461,101275.7
Company_64,Automotive,California,2020,57381,209078,235896,97707.0
Company_64,Automotive,California,2021,59771,217789,245724,102796.44999999998
Company_64,Automotive,California,2022,62262,226863,255962,117644.04999999999
Company_64,Automotive,California,2023,64856,236314,266626,108358.9
Company_64,Automotive,California,2024,67558,246160,277734,115103.0
Company_64,Automotive,California,2025,70373,256416,289305,123515.0
Company_65,Healthcare,New York,2015,62856,63799,26771,62626.149999999994
Company_65,Healthcare,New York,2016,60602,61511,25811,57500.149999999994
Company_65,Healthcare,New York,2017,58429,59305,24885,49379.549999999996
Company_65,Healthcare,New York,2018,56334,57179,23993,56057.95
Company_65,Healthcare,New York,2019,54314,55129,23132,58470.34999999999
Company_65,Healthcare,New York,2020,52366,53152,22303,51299.3
Company_65,Healthcare,New York,2021,50489,51246,21503,56669.5
Company_65,Healthcare,New York,2022,48678,49408,20732,40702.99999999999
Company_65,Healthcare,New York,2023,46933,47637,19989,36178.55
Company_65,Healthcare,New York,2024,45250,45929,19272,50683.549999999996
Company_65,Healthcare,New York,2025,43627,44282,18581,32330.299999999996
Company_66,Tech,California,2015,131287,150283,93334,118442.74999999999
Company_66,Tech,California,2016,132631,151822,94289,134190.9
Company_66,Tech,California,2017,133990,153377,95255,125090.05
Company_66,Tech,California,2018,135362,154948,96231,138768.7
Company_66,Tech,California,2019,136749,156535,97217,125544.24999999999
Company_66,Tech,California,2020,138149,158138,98212,144908.19999999998
Company_66,Tech,California,2021,139564,159758,99218,139469.3
Company_66,Tech,California,2022,140994,161394,100235,138686.4
Company_66,Tech,California,2023,142438,163047,101261,140365.75
Company_66,Tech,California,2024,143897,164717,102298,138040.25
Company_66,Tech,California,2025,145371,166405,103346,133868.05
Company_67,Tech,Florida,2015,50433,162117,122382,69855.84999999999
Company_67,Tech,Florida,2016,56035,180125,135976,82473.85
Company_67,Tech,Florida,2017,62259,200133,151080,93782.25
Company_67,Tech,Florida,2018,69175,222365,167863,93993.55
Company_67,Tech,Florida,2019,76859,247065,186509,111651.94999999998
Company_67,Tech,Florida,2020,85397,274510,207227,126322.09999999999
Company_67,Tech,Florida,2021,94883,305003,230247,135080.25
Company_67,Tech,Florida,2022,105423,338884,255823,162051.0
Company_67,Tech,Florida,2023,117134,376527,284240,171793.84999999998
Company_67,Tech,Florida,2024,130145,418353,315814,182888.85
Company_67,Tech,Florida,2025,144602,464824,350896,219555.6
Company_68,Finance,New York,2015,21567,103265,499846,92087.25
Company_68,Finance,New York,2016,23139,110792,536284,90161.5
Company_68,Finance,New York,2017,24826,118869,575379,90834.45
Company_68,Finance,New York,2018,26635,127535,617323,114224.05
Company_68,Finance,New York,2019,28577,136832,662326,99896.3
Company_68,Finance,New York,2020,30660,146807,710609,113024.95000000001
Company_68,Finance,New York,2021,32896,157509,762412,137058.75
Company_68,Finance,New York,2022,35294,168991,817991,142279.55
Company_68,Finance,New York,2023,37867,181311,877622,149769.75
Company_68,Finance,New York,2024,40627,194528,941600,165613.1
Company_68,Finance,New York,2025,43589,208709,1010242,160189.85
Company_69,Tech,Florida,2015,37973,68415,41256,43879.95
Company_69,Tech,Florida,2016,38434,69245,41757,52315.25
Company_69,Tech,Florida,2017,38901,70087,42264,54866.15
Company_69,Tech,Florida,2018,39373,70938,42777,49983.49999999999
Company_69,Tech,Florida,2019,39851,71799,43297,40731.24999999999
Company_69,Tech,Florida,2020,40335,72672,43823,52662.600000000006
Company_69,Tech,Florida,2021,40825,73554,44355,42462.1
Company_69,Tech,Florida,2022,41321,74448,44894,42259.299999999996
Company_69,Tech,Florida,2023,41823,75352,45439,43481.799999999996
Company_69,Tech,Florida,2024,42331,76267,45991,43009.85
Company_69,Tech,Florida,2025,42845,77194,46549,44456.5
Company_70,Retail,California,2015,135786,160506,239601,152800.19999999998
Company_70,Retail,California,2016,147648,174527,260532,165024.85
Company_70,Retail,California,2017,160546,189774,283292,180563.5
Company_70,Retail,California,2018,174571,206352,308040,197897.5
Company_70,Retail,California,2019,189822,224379,334950,205937.25
Company_70,Retail,California,2020,206404,243981,364211,224421.05
Company_70,Retail,California,2021,224436,265295,396028,238207.25
Company_70,Retail,California,2022,244042,288470,430625,255170.4
Company_70,Retail,California,2023,265362,313671,468244,273545.45
Company_70,Retail,California,2024,288543,341073,509149,315226.95
Company_70,Retail,California,2025,313750,370869,553628,330315.14999999997
Company_71,Finance,California,2015,35632,192054,135743,62220.8
Company_71,Finance,California,2016,39766,214336,151492,78969.79999999999
Company_71,Finance,California,2017,44379,239204,169068,93212.7
Company_71,Finance,California,2018,49528,266957,188684,94157.54999999999
Company_71,Finance,California,2019,55275,297930,210576,96900.6
Company_71,Finance,California,2020,61688,332497,235007,109130.84999999999
Company_71,Finance,California,2021,68845,371074,262273,136725.90000000002
Company_71,Finance,California,2022,76833,414126,292703,158906.3
Company_71,Finance,California,2023,85747,462174,326663,157665.3
Company_71,Finance,California,2024,95696,515797,364563,177356.05
Company_71,Finance,California,2025,106799,575641,406861,202395.55
Company_72,Healthcare,Florida,2015,95465,146922,428641,140055.90000000002
Company_72,Healthcare,Florida,2016,99738,153498,447828,141259.09999999998
Company_72,Healthcare,Florida,2017,104203,160369,467875,147862.94999999998
Company_72,Healthcare,Florida,2018,108867,167548,488819,151835.0
Company_72,Healthcare,Florida,2019,113740,175048,510700,162373.2
Company_72,Healthcare,Florida,2020,118832,182884,533561,178778.1
Company_72,Healthcare,Florida,2021,124151,191071,557445,168998.84999999998
Company_72,Healthcare,Florida,2022,129709,199624,582399,183486.8
Company_72,Healthcare,Florida,2023,135515,208560,608469,197927.4
Company_72,Healthcare,Florida,2024,141581,217896,635706,207510.7
Company_72,Healthcare,Florida,2025,147919,227650,664163,203259.09999999998
Company_73,Tech,Florida,2015,91734,134186,439257,129303.4
Company_73,Tech,Florida,2016,88137,128925,422036,123229.25
Company_73,Tech,Florida,2017,84682,123870,405490,125691.9
Company_73,Tech,Florida,2018,81362,119014,389593,114725.8
Company_73,Tech,Florida,2019,78172,114348,374319,109428.5
Company_73,Tech,Florida,2020,75107,109865,359643,97049.95
Company_73,Tech,Florida,2021,72163,105558,345544,112353.20000000001
Company_73,Tech,Florida,2022,69333,101419,331997,97733.65
Company_73,Tech,Florida,2023,66615,97443,318981,91892.05
Company_73,Tech,Florida,2024,64004,93623,306475,88131.75
Company_73,Tech,Florida,2025,61494,89952,294460,84566.59999999999
Company_74,Healthcare,New York,2015,47845,183760,111532,82793.7
Company_74,Healthcare,New York,2016,50488,193912,117694,74888.79999999999
Company_74,Healthcare,New York,2017,53278,204626,124197,75338.2
Company_74,Healthcare,New York,2018,56221,215932,131059,87271.4
Company_74,Healthcare,New York,2019,59328,227863,138300,98263.04999999999
Company_74,Healthcare,New York,2020,62606,240453,145941,94401.25
Company_74,Healthcare,New York,2021,66065,253738,154005,102313.7
Company_74,Healthcare,New York,2022,69715,267757,162514,104883.44999999998
Company_74,Healthcare,New York,2023,73567,282551,171493,116381.84999999999
Company_74,Healthcare,New York,2024,77631,298163,180968,122917.95
Company_74,Healthcare,New York,2025,81921,314637,190967,126596.95
Company_75,Automotive,California,2015,87902,40115,198049,99645.54999999999
Company_75,Automotive,California,2016,92030,41999,207351,99908.95
Company_75,Automotive,California,2017,96353,43971,217090,102242.74999999999
Company_75,Automotive,California,2018,100878,46037,227286,105285.75
Company_75,Automotive,California,2019,105617,48199,237962,97020.95
Company_75,Automotive,California,2020,110577,50463,249139,124103.25
Company_75,Automotive,California,2021,115771,52833,260840,108255.65
Company_75,Automotive,California,2022,121209,55315,273092,112848.74999999999
Company_75,Automotive,California,2023,126902,57913,285919,138338.25
Company_75,Automotive,California,2024,132862,60633,299348,146100.15
Company_75,Automotive,California,2025,139103,63481,313408,133494.05
Company_76,Automotive,California,2015,135806,188152,171028,143013.8
Company_76,Automotive,California,2016,151289,209603,190526,150256.35
Company_76,Automotive,California,2017,168537,233500,212248,181491.7
Company_76,Automotive,California,2018,187752,260121,236447,193083.25
Company_76,Automotive,California,2019,209158,289778,263405,220840.8
Company_76,Automotive,California,2020,233004,322815,293435,252215.55
Company_76,Automotive,California,2021,259569,359620,326890,280881.3
Company_76,Automotive,California,2022,289163,400620,364159,307867.0
Company_76,Automotive,California,2023,322131,446295,405677,344277.64999999997
Company_76,Automotive,California,2024,358857,497177,451928,374570.25
Company_76,Automotive,California,2025,399770,553861,503453,422632.45
Company_77,Healthcare,Texas,2015,116999,66480,22546,103051.9
Company_77,Healthcare,Texas,2016,116641,66276,22477,101276.79999999999
Company_77,Healthcare,Texas,2017,116285,66074,22408,104956.40000000001
Company_77,Healthcare,Texas,2018,115930,65872,22340,99965.8
Company_77,Healthcare,Texas,2019,115576,65671,22271,98085.95
Company_77,Healthcare,Texas,2020,115223,65470,22203,104387.9
Company_77,Healthcare,Texas,2021,114871,65270,22135,95436.7
Company_77,Healthcare,Texas,2022,114520,65071,22068,93028.45
Company_77,Healthcare,Texas,2023,114170,64872,22000,88618.8
Company_77,Healthcare,Texas,2024,113821,64674,21933,100242.1
Company_77,Healthcare,Texas,2025,113474,64477,21866,91226.95
Company_78,Finance,New York,2015,65358,194313,29426,84870.15000000001
Company_78,Finance,New York,2016,72935,216840,32837,91375.2
Company_78,Finance,New York,2017,81390,241978,36644,111554.09999999999
Company_78,Finance,New York,2018,90826,270031,40892,119147.05
Company_78,Finance,New York,2019,101356,301337,45633,127527.05
Company_78,Finance,New York,2020,113106,336271,50923,134792.15
Company_78,Finance,New York,2021,126219,375256,56827,160412.4
Company_78,Finance,New York,2022,140851,418760,63415,181840.2
Company_78,Finance,New York,2023,157181,467308,70767,201528.6
Company_78,Finance,New York,2024,175403,521484,78971,207203.8
Company_78,Finance,New York,2025,195738,581941,88126,225989.35
Company_79,Automotive,Florida,2015,22856,104142,474074,82284.9
Company_79,Automotive,Florida,2016,24059,109627,499044,84143.75
Company_79,Automotive,Florida,2017,25327,115401,525330,99299.04999999999
Company_79,Automotive,Florida,2018,26661,121480,553000,105559.7
Company_79,Automotive,Florida,2019,28065,127878,582128,101967.0
Company_79,Automotive,Florida,2020,29543,134614,612790,115613.2
Company_79,Automotive,Florida,2021,31099,141705,645067,114687.75
Company_79,Automotive,Florida,2022,32738,149168,679045,105353.3
Company_79,Automotive,Florida,2023,34462,157026,714811,116331.4
Company_79,Automotive,Florida,2024,36277,165296,752462,136003.5
Company_79,Automotive,Florida,2025,38188,174003,792096,140679.65000000002
Company_80,Tech,New York,2015,104764,42865,287322,116684.74999999999
Company_80,Tech,New York,2016,116632,47721,319873,114872.84999999999
Company_80,Tech,New York,2017,129846,53127,356112,126571.45000000001
Company_80,Tech,New York,2018,144557,59146,396457,143242.5
Company_80,Tech,New York,2019,160934,65847,441372,176679.05
Company_80,Tech,New York,2020,179166,73307,491376,199642.85
Company_80,Tech,New York,2021,199465,81612,547045,202404.8
Company_80,Tech,New York,2022,222062,90858,609021,240561.2
Company_80,Tech,New York,2023,247220,101152,678019,262340.7
Company_80,Tech,New York,2024,275229,112612,754833,294555.39999999997
Company_80,Tech,New York,2025,306410,125370,840350,328982.5
Company_81,Retail,Texas,2015,120493,178753,137865,138642.55
Company_81,Retail,Texas,2016,133142,197519,152338,141705.05
Company_81,Retail,Texas,2017,147121,218256,168332,157970.30000000002
Company_81,Retail,Texas,2018,162566,241169,186004,176607.94999999998
Company_81,Retail,Texas,2019,179633,266489,205532,194980.65
Company_81,Retail,Texas,2020,198492,294466,227110,198149.3
Company_81,Retail,Texas,2021,219331,325381,250953,240341.14999999997
Company_81,Retail,Texas,2022,242357,359541,277299,252683.94999999998
Company_81,Retail,Texas,2023,267801,397287,306412,285733.94999999995
Company_81,Retail,Texas,2024,295917,438997,338580,305620.45
Company_81,Retail,Texas,2025,326984,485085,374126,353806.14999999997
Company_82,Healthcare,Florida,2015,111149,68530,223508,121938.59999999999
Company_82,Healthcare,Florida,2016,114063,70326,229368,114289.79999999999
Company_82,Healthcare,Florida,2017,117054,72170,235382,121084.49999999999
Company_82,Healthcare,Florida,2018,120123,74063,241554,121116.94999999998
Company_82,Healthcare,Florida,2019,123273,76005,247888,127436.65
Company_82,Healthcare,Florida,2020,126505,77998,254388,133717.0
Company_82,Healthcare,Florida,2021,129822,80043,261059,127507.75
Company_82,Healthcare,Florida,2022,133227,82142,267904,133169.6
Company_82,Healthcare,Florida,2023,136720,84296,274929,147498.3
Company_82,Healthcare,Florida,2024,140305,86506,282138,140312.2
Company_82,Healthcare,Florida,2025,143984,88774,289536,152726.5
Company_83,Finance,New York,2015,44612,126221,253753,74804.85
Company_83,Finance,New York,2016,49099,138916,279275,89457.2
Company_83,Finance,New York,2017,54037,152888,307364,101617.5
Company_83,Finance,New York,2018,59472,168265,338278,108261.95
Company_83,Finance,New York,2019,65454,185189,372302,124653.35
Company_83,Finance,New York,2020,72037,203815,409748,118619.95
Company_83,Finance,New York,2021,79282,224315,450960,143936.65
Company_83,Finance,New York,2022,87256,246876,496317,162648.30000000002
Company_83,Finance,New York,2023,96033,271707,546236,176975.75
Company_83,Finance,New York,2024,105692,299035,601176,193889.25
Company_83,Finance,New York,2025,116322,329111,661641,209334.15
Company_84,Finance,Texas,2015,38611,88850,243548,69871.0
Company_84,Finance,Texas,2016,42414,97603,267541,67150.35
Company_84,Finance,Texas,2017,46593,107219,293899,88171.85
Company_84,Finance,Texas,2018,51183,117782,322854,84540.79999999999
Company_84,Finance,Texas,2019,56226,129385,354661,93578.04999999999
Company_84,Finance,Texas,2020,61765,142132,389602,110781.5
Company_84,Finance,Texas,2021,67850,156135,427985,125180.75
Company_84,Finance,Texas,2022,74535,171517,470149,134909.95
Company_84,Finance,Texas,2023,81878,188415,516467,141775.55000000002
Company_84,Finance,Texas,2024,89945,206977,567349,151668.94999999998
Company_84,Finance,Texas,2025,98806,227368,623243,175756.7
Company_85,Automotive,Texas,2015,123944,97753,227881,137649.84999999998
Company_85,Automotive,Texas,2016,128058,100998,235445,130308.79999999999
Company_85,Automotive,Texas,2017,132309,104350,243262,133622.0
Company_85,Automotive,Texas,2018,136702,107815,251337,138327.35
Company_85,Automotive,Texas,2019,141240,111394,259681,146442.2
Company_85,Automotive,Texas,2020,145928,115092,268302,147333.6
Company_85,Automotive,Texas,2021,150773,118912,277208,159036.7
Company_85,Automotive,Texas,2022,155778,122860,286411,168934.69999999998
Company_85,Automotive,Texas,2023,160949,126939,295919,169949.05
Company_85,Automotive,Texas,2024,166293,131153,305743,167970.34999999998
Company_85,Automotive,Texas,2025,171813,135507,315892,172739.35
Company_86,Finance,Florida,2015,75596,163614,46533,87034.59999999999
Company_86,Finance,Florida,2016,77713,168197,47836,82806.25
Company_86,Finance,Florida,2017,79890,172908,49176,83425.8
Company_86,Finance,Florida,2018,82128,177752,50554,100372.79999999999
Company_86,Finance,Florida,2019,84429,182731,51970,99243.95
Company_86,Finance,Florida,2020,86794,187850,53426,99843.9
Company_86,Finance,Florida,2021,89225,193112,54922,97065.49999999999
Company_86,Finance,Florida,2022,91725,198522,56461,107403.9
Company_86,Finance,Florida,2023,94294,204083,58042,107631.45
Company_86,Finance,Florida,2024,96936,209800,59668,100391.0
Company_86,Finance,Florida,2025,99651,215677,61340,121715.25
Company_87,Healthcare,Florida,2015,21399,72143,268235,49321.25
Company_87,Healthcare,Florida,2016,21015,70851,263433,63760.45
Company_87,Healthcare,Florida,2017,20639,69583,258718,43257.55
Company_87,Healthcare,Florida,2018,20270,68338,254088,42794.5
Company_87,Healthcare,Florida,2019,19907,67114,249540,42195.0
Company_87,Healthcare,Florida,2020,19551,65913,245073,57644.95
Company_87,Healthcare,Florida,2021,19201,64733,240687,49422.35
Company_87,Healthcare,Florida,2022,18857,63575,236379,53466.05
Company_87,Healthcare,Florida,2023,18520,62437,232148,37642.350000000006
Company_87,Healthcare,Florida,2024,18188,61319,227993,58732.75
Company_87,Healthcare,Florida,2025,17863,60222,223912,53774.6
Company_88,Healthcare,California,2015,51847,68505,222119,73088.54999999999
Company_88,Healthcare,California,2016,53159,70239,227743,83939.45
Company_88,Healthcare,California,2017,54505,72018,233509,81669.1
Company_88,Healthcare,California,2018,55885,73841,239422,70346.85
Company_88,Healthcare,California,2019,57300,75711,245484,70882.05
Company_88,Healthcare,California,2020,58751,77628,251700,77378.9
Company_88,Healthcare,California,2021,60239,79593,258073,88883.54999999999
Company_88,Healthcare,California,2022,61764,81609,264607,87222.84999999999
Company_88,Healthcare,California,2023,63328,83675,271307,94963.55
Company_88,Healthcare,California,2024,64932,85794,278177,92291.2
Company_88,Healthcare,California,2025,66576,87966,285221,95289.2
Company_89,Healthcare,Texas,2015,129575,30870,205519,123293.9
Company_89,Healthcare,Texas,2016,135424,32263,214797,116575.94999999998
Company_89,Healthcare,Texas,2017,141538,33720,224495,119674.09999999999
Company_89,Healthcare,Texas,2018,147929,35242,234630,125523.59999999998
Company_89,Healthcare,Texas,2019,154607,36833,245223,153269.15
Company_89,Healthcare,Texas,2020,161587,38496,256294,156895.69999999998
Company_89,Healthcare,Texas,2021,168882,40234,267865,165995.0
Company_89,Healthcare,Texas,2022,176507,42051,279958,165790.34999999998
Company_89,Healthcare,Texas,2023,184476,43949,292598,166552.34999999998
Company_89,Healthcare,Texas,2024,192804,45933,305807,173491.45
Company_89,Healthcare,Texas,2025,201509,48007,319614,178779.74999999997
Company_90,Automotive,Texas,2015,118469,172930,297208,143111.59999999998
Company_90,Automotive,Texas,2016,126773,185051,318040,156432.75
Company_90,Automotive,Texas,2017,135659,198022,340333,169624.9
Company_90,Automotive,Texas,2018,145168,211902,364189,175133.8
Company_90,Automotive,Texas,2019,155343,226756,389716,183899.1
Company_90,Automotive,Texas,2020,166232,242650,417033,207474.2
Company_90,Automotive,Texas,2021,177884,259658,446265,203136.0
Company_90,Automotive,Texas,2022,190353,277859,477546,216305.55000000002
Company_90,Automotive,Texas,2023,203695,297336,511019,248285.8
Company_90,Automotive,Texas,2024,217973,318177,546839,266075.54999999993
Company_90,Automotive,Texas,2025,233252,340480,585170,286109.4
Company_91,Tech,Florida,2015,31106,30994,254735,61245.799999999996
Company_91,Tech,Florida,2016,34536,34411,282825,60406.35
Company_91,Tech,Florida,2017,38344,38206,314013,78803.0
Company_91,Tech,Florida,2018,42572,42419,348641,71075.35
Company_91,Tech,Florida,2019,47267,47097,387086,93687.05
Company_91,Tech,Florida,2020,52480,52291,429772,99558.85
Company_91,Tech,Florida,2021,58267,58057,477164,110276.85
Company_91,Tech,Florida,2022,64692,64459,529783,100215.54999999999
Company_91,Tech,Florida,2023,71826,71567,588204,124117.65
Company_91,Tech,Florida,2024,79746,79459,653067,134026.75
Company_91,Tech,Florida,2025,88540,88222,725083,153108.59999999998
Company_92,Tech,California,2015,40962,149874,26418,58937.3
Company_92,Tech,California,2016,44870,164175,28938,66038.05
Company_92,Tech,California,2017,49152,179841,31700,60331.54999999999
Company_92,Tech,California,2018,53842,197001,34725,72701.04999999999
Company_92,Tech,California,2019,58980,215800,38038,80586.8
Company_92,Tech,California,2020,64608,236392,41668,83517.2
Company_92,Tech,California,2021,70773,258949,45644,90047.84999999999
Company_92,Tech,California,2022,77526,283658,49999,95474.79999999999
Company_92,Tech,California,2023,84924,310725,54771,109040.65
Company_92,Tech,California,2024,93027,340375,59997,114972.84999999999
Company_92,Tech,California,2025,101904,372855,65722,134862.25
Company_93,Healthcare,California,2015,94248,161883,413519,133522.94999999998
Company_93,Healthcare,California,2016,90022,154625,394981,127762.25
Company_93,Healthcare,California,2017,85987,147694,377274,114727.4
Company_93,Healthcare,California,2018,82132,141072,360361,113972.29999999999
Company_93,Healthcare,California,2019,78450,134748,344206,108853.79999999999
Company_93,Healthcare,California,2020,74933,128708,328775,113499.8
Company_93,Healthcare,California,2021,71574,122938,314036,94391.1
Company_93,Healthcare,California,2022,68365,117426,299958,98893.2
Company_93,Healthcare,California,2023,65300,112162,286511,90154.40000000001
Company_93,Healthcare,California,2024,62373,107134,273667,87016.9
Company_93,Healthcare,California,2025,59577,102331,261399,76764.45
Company_94,Automotive,Florida,2015,24787,42454,110682,27263.199999999997
Company_94,Automotive,Florida,2016,25863,44297,115488,35627.45
Company_94,Automotive,Florida,2017,26986,46221,120503,43261.65
Company_94,Automotive,Florida,2018,28158,48228,125736,45501.4
Company_94,Automotive,Florida,2019,29381,50322,131196,39231.6
Company_94,Automotive,Florida,2020,30657,52508,136893,39944.4
Company_94,Automotive,Florida,2021,31988,54788,142838,39338.6
Company_94,Automotive,Florida,2022,33377,57167,149041,44160.049999999996
Company_94,Automotive,Florida,2023,34826,59649,155513,48949.85
Company_94,Automotive,Florida,2024,36339,62240,162266,54912.9
Company_94,Automotive,Florida,2025,37917,64943,169313,64950.649999999994
Company_95,Finance,Florida,2015,25734,79917,351054,64921.75
Company_95,Finance,Florida,2016,27374,85013,373439,76363.65
Company_95,Finance,Florida,2017,29120,90434,397252,66237.3
Company_95,Finance,Florida,2018,30977,96200,422584,92736.29999999999
Company_95,Finance,Florida,2019,32952,102335,449531,93951.75
Company_95,Finance,Florida,2020,35054,108860,478197,93851.5
Company_95,Finance,Florida,2021,37289,115802,508690,106277.6
Company_95,Finance,Florida,2022,39667,123187,541128,105546.75
Company_95,Finance,Florida,2023,42196,131042,575634,119065.9
Company_95,Finance,Florida,2024,44887,139398,612341,124782.70000000001
Company_95,Finance,Florida,2025,47750,148287,651388,116396.85
Company_96,Automotive,Florida,2015,81139,81136,244705,98058.2
Company_96,Automotive,Florida,2016,77951,77948,235092,103449.09999999999
Company_96,Automotive,Florida,2017,74889,74886,225857,94955.9
Company_96,Automotive,Florida,2018,71947,71944,216984,85439.9
Company_96,Automotive,Florida,2019,69121,69118,208460,81214.4
Company_96,Automotive,Florida,2020,66405,66403,200271,77788.05
Company_96,Automotive,Florida,2021,63797,63794,192404,76706.4
Company_96,Automotive,Florida,2022,61291,61288,184846,76109.5
Company_96,Automotive,Florida,2023,58883,58881,177584,77836.65
Company_96,Automotive,Florida,2024,56570,56568,170608,65559.0
Company_96,Automotive,Florida,2025,54347,54345,163906,66644.25
Company_97,Automotive,New York,2015,83665,72248,93557,91604.4
Company_97,Automotive,New York,2016,93308,80575,104340,86969.85
Company_97,Automotive,New York,2017,104063,89862,116367,102429.09999999999
Company_97,Automotive,New York,2018,116058,100220,129780,120869.59999999999
Company_97,Automotive,New York,2019,129435,111772,144739,117688.20000000001
Company_97,Automotive,New York,2020,144354,124655,161422,145318.25
Company_97,Automotive,New York,2021,160993,139024,180028,162019.49999999997
Company_97,Automotive,New York,2022,179550,155048,200778,180084.0
Company_97,Automotive,New York,2023,200245,172919,223921,189167.45
Company_97,Automotive,New York,2024,223326,192851,249731,223260.94999999998
Company_97,Automotive,New York,2025,249067,215079,278516,234373.35
Company_98,Tech,California,2015,68380,183490,460180,114080.5
Company_98,Tech,California,2016,72876,195556,490443,125309.9
Company_98,Tech,California,2017,77669,208417,522696,132636.45
Company_98,Tech,California,2018,82777,222123,557070,155540.34999999998
Company_98,Tech,California,2019,88221,236731,593706,159196.95
Company_98,Tech,California,2020,94022,252299,632750,170755.25
Company_98,Tech,California,2021,100206,268892,674362,181595.2
Company_98,Tech,California,2022,106796,286575,718711,191362.55
Company_98,Tech,California,2023,113819,305421,765976,194757.05
Company_98,Tech,California,2024,121304,325507,816349,214078.75
Company_98,Tech,California,2025,129282,346913,870035,225447.84999999998
Company_99,Automotive,Texas,2015,130889,73691,30934,103109.34999999998
Company_99,Automotive,Texas,2016,138234,77826,32670,111685.69999999998
Company_99,Automotive,Texas,2017,145993,82194,34503,117687.5
Company_99,Automotive,Texas,2018,154186,86807,36440,125720.25
Company_99,Automotive,Texas,2019,162840,91679,38485,129503.35
Company_99,Automotive,Texas,2020,171979,96825,40645,152992.55
Company_99,Automotive,Texas,2021,181631,102259,42926,150878.15
Company_99,Automotive,Texas,2022,191825,107998,45335,153876.7
Company_99,Automotive,Texas,2023,202591,114059,47879,157845.44999999998
Company_99,Automotive,Texas,2024,213961,120460,50567,179015.4
Company_99,Automotive,Texas,2025,225969,127221,53405,196073.94999999998
Company_100,Healthcare,Texas,2015,74531,40004,488916,100633.9
Company_100,Healthcare,Texas,2016,72032,38663,472528,111974.65
Company_100,Healthcare,Texas,2017,69618,37367,456689,96803.55
Company_100,Healthcare,Texas,2018,67284,36114,441381,107432.0
Company_100,Healthcare,Texas,2019,65029,34904,426587,85793.6
Company_100,Healthcare,Texas,2020,62849,33734,412288,83300.2
Company_100,Healthcare,Texas,2021,60743,32603,398468,86880.35
Company_100,Healthcare,Texas,2022,58707,31510,385112,78388.6
Company_100,Healthcare,Texas,2023,56739,30454,372204,79943.79999999999
Company_100,Healthcare,Texas,2024,54837,29433,359728,88711.65
Company_100,Healthcare,Texas,2025,52999,28447,347670,84593.35
